version,major_version,release_date,withdrawn,no_windows,release_type,no_source,go_version,sha,docker_image,has_sql_only
beta-20160407,v1.0,2016-04-07,false,true,Testing,true,go1.8.3,96f4c50a69272cfd5a32e65889f5f72033502ed2,cockroachdb/cockroach-unstable,false
beta-20160414,v1.0,2016-04-14,false,true,Testing,true,go1.8.3,852d6b6b3d3feec24f82ace7fc07e67a436d212c,cockroachdb/cockroach-unstable,false
beta-20160421,v1.0,2016-04-21,false,true,Testing,true,go1.8.3,e6880ae2bce8f2a391f6adc07f9945c783480e2b,cockroachdb/cockroach-unstable,false
beta-20160428,v1.0,2016-04-28,false,true,Testing,true,go1.8.3,d9cda18c0fc576bd138cede478d1a59f8281abe8,cockroachdb/cockroach-unstable,false
beta-20160505,v1.0,2016-05-05,false,true,Testing,true,go1.8.3,5be1702fc2981cdd834f29eadb60c5e61b7e23cd,cockroachdb/cockroach-unstable,false
beta-20160512,v1.0,2016-05-12,false,true,Testing,true,go1.8.3,c279ed67b7a76bf05b1df8ebeecb300c4eeb306d,cockroachdb/cockroach-unstable,false
beta-20160519,v1.0,2016-05-19,false,true,Testing,true,go1.8.3,5430fae20fd2418260ed7fb0299b1aa1ae3af4bf,cockroachdb/cockroach-unstable,false
beta-20160526,v1.0,2016-05-26,false,true,Testing,true,go1.8.3,8ceb16ba4e3e363a2b6428697ac7143436a214da,cockroachdb/cockroach-unstable,false
beta-20160602,v1.0,2016-06-02,false,true,Testing,true,go1.8.3,5f666c832692145466fb721463ea5d9e3ffe2236,cockroachdb/cockroach-unstable,false
beta-20160609,v1.0,2016-06-09,false,true,Testing,true,go1.8.3,093e1e3e08daa1607cf15aeed8bb0bc0c51ac033,cockroachdb/cockroach-unstable,false
beta-20160616,v1.0,2016-06-16,false,true,Testing,true,go1.8.3,9959a236a0da44371112293d56b9340f47d2ba53,cockroachdb/cockroach-unstable,false
beta-20160629,v1.0,2016-06-29,false,true,Testing,true,go1.8.3,6be9dd107714812421cab40724a2472ba0e5af93,cockroachdb/cockroach-unstable,false
beta-20160714,v1.0,2016-07-14,false,true,Testing,true,go1.8.3,efd0607aa755fe4dcad6d21b47e0ac285df461df,cockroachdb/cockroach-unstable,false
beta-20160721,v1.0,2016-07-21,false,true,Testing,true,go1.8.3,040e3b9d25ba73ab2856d7133b53493d25b66ef7,cockroachdb/cockroach-unstable,false
beta-20160728,v1.0,2016-07-28,false,true,Testing,true,go1.8.3,844e419503ab060aa091c40a7126cb6766fb6621,cockroachdb/cockroach-unstable,false
beta-20160829,v1.0,2016-08-29,false,true,Testing,true,go1.8.3,ce2bc501f35e5a0d5707fd11d88ca28224aa34b9,cockroachdb/cockroach-unstable,false
beta-20160908,v1.0,2016-09-09,false,true,Testing,true,go1.8.3,186e4e308656b4c04faea129d9d611ff48dffe85,cockroachdb/cockroach-unstable,false
beta-20160915,v1.0,2016-09-15,false,true,Testing,true,go1.8.3,3fff05767cd3eda2197ce102391c0de447fef606,cockroachdb/cockroach-unstable,false
beta-20160929,v1.0,2016-09-29,false,true,Testing,true,go1.8.3,96fa76f49c83a5c9fce12ef6b15449e16442adbf,cockroachdb/cockroach-unstable,false
beta-20161006,v1.0,2016-10-06,false,true,Testing,true,go1.8.3,72ee63f79c3c0670dc0500dda437b31e06ed81db,cockroachdb/cockroach-unstable,false
beta-20161013,v1.0,2016-10-13,false,true,Testing,true,go1.8.3,8f6cd21c1123d0e77332a591df5b22a83dc558f5,cockroachdb/cockroach-unstable,false
beta-20161027,v1.0,2016-10-27,false,true,Testing,true,go1.8.3,5bc7bf1f0bd755f1bf597e77a260818273e78705,cockroachdb/cockroach-unstable,false
beta-20161103,v1.0,2016-11-03,false,true,Testing,true,go1.8.3,9ce883365db916baa8a6d66d16bc153e7b3977e0,cockroachdb/cockroach-unstable,false
beta-20161201,v1.0,2016-12-01,false,true,Testing,true,go1.8.3,8141dac4107ca18cd48b96b1248302d99638d6b6,cockroachdb/cockroach-unstable,false
beta-20161208,v1.0,2016-12-08,false,true,Testing,true,go1.8.3,a855534af60f59539cae2df3ee57c3f54f1fd5b3,cockroachdb/cockroach-unstable,false
beta-20161215,v1.0,2016-12-15,false,true,Testing,true,go1.8.3,5596982f21d1665e3872d2f0e4823e6f9168c1b8,cockroachdb/cockroach-unstable,false
beta-20170105,v1.0,2017-01-05,false,true,Testing,true,go1.8.3,e1ef4ec96659ef27ff29d923014f416070a982b6,cockroachdb/cockroach-unstable,false
beta-20170112,v1.0,2017-01-12,false,true,Testing,true,go1.8.3,5651988b49083f42182eaffd4d41328827aba1f6,cockroachdb/cockroach-unstable,false
beta-20170126,v1.0,2017-01-26,false,true,Testing,true,go1.8.3,beab60af2d54d4166cde84656e7276bea59f28d1,cockroachdb/cockroach-unstable,false
beta-20170209,v1.0,2017-02-09,false,true,Testing,true,go1.8.3,3271ce4097dcb2d7ad74b877b011dd6ee62f04d5,cockroachdb/cockroach-unstable,false
v1.0.7,v1.0,2018-02-13,false,true,Production,false,go1.8.3,b277f36d8427c553be9e52dcd0699979a3e8af86,cockroachdb/cockroach,false
beta-20170216,v1.0,2017-02-16,false,true,Testing,true,go1.8.3,019eeb7b64386a9d751d2055d2af52f24a93ab3d,cockroachdb/cockroach-unstable,false
beta-20170223,v1.0,2017-02-23,false,true,Testing,true,go1.8.3,4c8949513d287b92be1c167615398a2a53fe39da,cockroachdb/cockroach-unstable,false
beta-20170309,v1.0,2017-03-09,false,true,Testing,true,go1.8.3,dd3a574da6734faebf523d7cc2df244ab662527d,cockroachdb/cockroach-unstable,false
beta-20170323,v1.0,2017-03-23,false,true,Testing,true,go1.8.3,78c5f93277cdf7d6aa99c6c8418e6f306aea308b,cockroachdb/cockroach-unstable,false
beta-20170330,v1.0,2017-03-30,false,true,Testing,false,go1.8.3,f0f5783cc67f9cda16cedf1b88ca0691b0b65884,cockroachdb/cockroach-unstable,false
beta-20170413,v1.0,2017-04-13,false,true,Testing,false,go1.8.3,e96ac9f78c4cf61675aa432b96f1a854ba1f1ac2,cockroachdb/cockroach-unstable,false
beta-20170420,v1.0,2017-04-20,false,true,Testing,false,go1.8.3,9f61dd3e24edd170868a122d4220627230a75178,cockroachdb/cockroach-unstable,false
v1.0-rc.1,v1.0,2017-05-01,false,true,Testing,false,go1.8.3,2d4d1ab5c42efb5accf73c9876e6ffd934fdc9e6,cockroachdb/cockroach-unstable,false
v1.0-rc.2,v1.0,2017-05-05,false,true,Testing,false,go1.8.3,1700211837c3e519bf093f8cda26fe2afb028ff3,cockroachdb/cockroach-unstable,false
v1.0,v1.0,2017-05-10,false,true,Production,false,go1.8.3,43aa1ed04cd817348921ac27e11e25725f634aa6,cockroachdb/cockroach,false
v1.0.1,v1.0,2017-05-25,false,true,Production,false,go1.8.3,50fd18dcf8da75a0f4980344a885fe6105d0cf23,cockroachdb/cockroach,false
v1.1-alpha.20170601,v1.1,2017-06-01,false,true,Testing,false,go1.8.3,8a40a05eb0962df162c83a2f31a3f63015861e3b,cockroachdb/cockroach-unstable,false
v1.1-alpha.20170608,v1.1,2017-06-08,false,true,Testing,false,go1.8.3,2880ae392eed6e4ac3064d7fdf6e6b1e82e8d677,cockroachdb/cockroach-unstable,false
v1.0.2,v1.0,2017-06-15,false,true,Production,false,go1.8.3,9e3606bd2863ce7a460fd0c842414673d62f0533,cockroachdb/cockroach,false
v1.1-alpha.20170622,v1.1,2017-06-22,false,true,Testing,false,go1.8.3,2d9abc8c83a3138543a4bc45c69264e0aeb1c9f9,cockroachdb/cockroach-unstable,false
v1.1-alpha.20170629,v1.1,2017-06-29,false,true,Testing,false,go1.8.3,597a9d7cef0a6497c47c0777ca750b9b41e97a46,cockroachdb/cockroach-unstable,false
v1.0.3,v1.0,2017-07-06,false,true,Production,false,go1.8.3,b692a7cc7acc57022d1441034b93b85d860b7e86,cockroachdb/cockroach,false
v1.1-alpha.20170713,v1.1,2017-07-13,false,true,Testing,false,go1.8.3,6ba72ad700340e95483d4d96000a141e3d528f84,cockroachdb/cockroach-unstable,false
v1.1-alpha.20170720,v1.1,2017-07-20,false,true,Testing,false,go1.8.3,a1af558e5859b668ee9823267bb27bb5929481b4,cockroachdb/cockroach-unstable,false
v1.0.4,v1.0,2017-07-27,false,true,Production,false,go1.8.3,5b757262d33d814bda1deb2af20161a1f7749df3,cockroachdb/cockroach,false
v1.1-alpha.20170803,v1.1,2017-08-03,false,true,Testing,false,go1.8.3,1e88c32588fd3d7cad826437c18b349fd70e4762,cockroachdb/cockroach-unstable,false
v1.1-alpha.20170810,v1.1,2017-08-10,false,true,Testing,false,go1.8.3,c3fca980b5a31384599aba0091cd6a0200e12797,cockroachdb/cockroach-unstable,false
v1.1-alpha.20170817,v1.1,2017-08-17,false,true,Testing,false,go1.8.3,9a357a9f553a21ec08235492c7b916219652581a,cockroachdb/cockroach-unstable,false
v1.0.5,v1.0,2017-08-24,false,true,Production,false,go1.8.3,6255bbf89152218db590c9838976aa8780e4770e,cockroachdb/cockroach,false
v1.1-beta.20170907,v1.1,2017-09-07,false,true,Testing,false,go1.8.3,3cab35b14efad1d86f8847eade2c0615f47fd4e5,cockroachdb/cockroach-unstable,false
v1.0.6,v1.0,2017-09-14,false,true,Production,false,go1.8.3,8edb4c9235a7bb8aa80761375db12bb4a7e5afeb,cockroachdb/cockroach,false
v1.1-beta.20170921,v1.1,2017-09-21,false,true,Testing,false,go1.8.3,be60cc5a4ccfb6a597a47f5eb9d0a88a0e1b1289,cockroachdb/cockroach-unstable,false
v1.1-beta.20170928,v1.1,2017-09-28,false,true,Testing,false,go1.8.3,4162f2e5c65d1c07ab1fb31a03d02618b83c3b8c,cockroachdb/cockroach-unstable,false
v1.1.0-rc.1,v1.1,2017-10-05,false,true,Testing,false,go1.8.3,8b865035e21aa4fa526ee017ba9dc685d7af649c,cockroachdb/cockroach-unstable,false
v1.1.0,v1.1,2017-10-12,false,true,Production,false,go1.8.3,8b865035e21aa4fa526ee017ba9dc685d7af649c,cockroachdb/cockroach,false
v1.1.1,v1.1,2017-10-19,false,true,Production,false,go1.8.3,f3bc578c89627d02f2ca30f02b835388278a1c83,cockroachdb/cockroach,false
v1.2-alpha.20171026,v1.2,2017-10-26,false,true,Testing,false,go1.10,c0f3c0728111c921a74482bd2352460971b7252b,cockroachdb/cockroach-unstable,false
v1.1.2,v1.1,2017-11-02,false,true,Production,false,go1.8.3,c726df22152a771cdd1882679c772d4e7799440d,cockroachdb/cockroach,false
v1.2-alpha.20171113,v1.2,2017-11-13,false,true,Testing,true,go1.10,0ac9fa8a35513bc0c50919a4f137342eb3d6c071,cockroachdb/cockroach-unstable,false
v1.1.3,v1.1,2017-11-27,false,true,Production,false,go1.8.3,0629bcd52ab22637f0f5e7dc3d13a9d170a1c690,cockroachdb/cockroach,false
v1.2-alpha.20171204,v1.2,2017-12-04,false,true,Testing,false,go1.10,224e8607c1dbc8b3aeadd3a89254c0ec917a8bf8,cockroachdb/cockroach-unstable,false
v1.2-alpha.20171211,v1.2,2017-12-11,false,true,Testing,false,go1.10,b2ecbf313b38fa5e255eb8d44b74cd88f6a8b3bb,cockroachdb/cockroach-unstable,false
v2.0-alpha.20171218,v2.0,2017-12-18,false,true,Testing,false,go1.10,e23cfcc1f16d18800b9a9855124fdf84fbf47466,cockroachdb/cockroach-unstable,false
v1.1.4,v1.1,2018-01-08,false,true,Production,false,go1.8.3,b794b52cbfffa2340cdaabf1c33be716ebde1db4,cockroachdb/cockroach,false
v2.0-alpha.20180129,v2.0,2018-01-29,false,true,Testing,false,go1.10,624cd615a99c86348f612d0a824759a990fae197,cockroachdb/cockroach-unstable,false
v1.1.5,v1.1,2018-02-05,false,true,Production,false,go1.8.3,ec52ded95a5235d71f26b6cbc59924bd6733fb3a,cockroachdb/cockroach,false
v2.0-beta.20180305,v2.0,2018-03-05,false,true,Testing,false,go1.10,59246c8375fcffeb24b87ff2f40ed81eb84c070d,cockroachdb/cockroach-unstable,false
v1.1.6,v1.1,2018-03-12,false,true,Production,false,go1.8.3,f6b7567d85d54689a7d1b61907336d1bc72b09a4,cockroachdb/cockroach,false
v2.0-beta.20180312,v2.0,2018-03-12,false,true,Testing,false,go1.10,6fc27750aacdcc11731cca7c92a77398103bec09,cockroachdb/cockroach-unstable,false
v2.0-beta.20180319,v2.0,2018-03-19,false,true,Testing,false,go1.10,e0b123c2324586c2bd101e27bab468701f8efa5e,cockroachdb/cockroach-unstable,false
v1.1.7,v1.1,2018-03-26,false,true,Production,false,go1.8.3,25b1f1d26014a52272fa1043e2aa031b91807597,cockroachdb/cockroach,false
v2.0-beta.20180326,v2.0,2018-03-26,false,true,Testing,false,go1.10,ea4cac39dda5c4831dcf739a7689b8d3d2a0147f,cockroachdb/cockroach-unstable,false
v2.0-rc.1,v2.0,2018-04-02,false,true,Testing,false,go1.10,1421bd19e3f49a44f046d42e306be7a79f7084e2,cockroachdb/cockroach-unstable,false
v2.0.0,v2.0,2018-04-04,false,true,Production,false,go1.10,a6b498b7aff14234bcde23107b9e7fa14e6a34a8,cockroachdb/cockroach,false
v2.1.0-alpha.20180416,v2.1,2018-04-16,false,true,Testing,false,go1.10.3,f54870592a75b62bf8b04ab6eb1c74442b57164f,cockroachdb/cockroach-unstable,false
v1.1.8,v1.1,2018-04-23,false,true,Production,false,go1.8.3,fc0e2d1ba3d4a4750c0d6c2e57d08b6ab3135361,cockroachdb/cockroach,false
v2.0.1,v2.0,2018-04-23,false,true,Production,false,go1.10,c92bc6e912880c28c0784d3208583fb27f482f76,cockroachdb/cockroach,false
v2.1.0-alpha.20180507,v2.1,2018-05-07,false,true,Testing,false,go1.10.3,1d082262dcb3ec1b39f7f42b7321914423ed4841,cockroachdb/cockroach-unstable,false
v2.0.2,v2.0,2018-05-21,false,true,Production,false,go1.10,fa2b2bfd802ebe8150030a14b0a36c25fef90b91,cockroachdb/cockroach,false
v2.1.0-alpha.20180604,v2.1,2018-06-04,false,true,Testing,false,go1.10.3,3106615e752628fca3d446028ead653c82b6468a,cockroachdb/cockroach-unstable,false
v2.0.3,v2.0,2018-06-18,false,true,Production,false,go1.10,91715a9a95edbe716912173204fa4c0fc6724457,cockroachdb/cockroach,false
v2.1.0-alpha.20180702,v2.1,2018-07-02,false,true,Testing,false,go1.10.3,03e5dbc13a58a41c00b02227da37916b148fd12d,cockroachdb/cockroach-unstable,false
v2.0.4,v2.0,2018-07-16,false,true,Production,false,go1.10,d7c99735249c963177eadbc5fd57fc2094de6823,cockroachdb/cockroach,false
v2.1.0-alpha.20180730,v2.1,2018-07-30,false,true,Testing,false,go1.10.3,a31bd6bcd5f79481a94873f212ca8b9957fc5766,cockroachdb/cockroach-unstable,false
v2.0.5,v2.0,2018-08-13,false,true,Production,false,go1.10,3f2f0f5eea9b9d552e471eba8c37504a0595342f,cockroachdb/cockroach,false
v2.1.0-beta.20180827,v2.1,2018-08-27,false,true,Testing,false,go1.10.3,dab7a982c4aea0439df8cadaaa889c2e0db9609b,cockroachdb/cockroach-unstable,false
v2.1.0-beta.20180904,v2.1,2018-09-04,false,true,Testing,false,go1.10.3,f9c094897e9574685b091e7e0969d333d2991290,cockroachdb/cockroach-unstable,false
v2.1.0-beta.20180910,v2.1,2018-09-10,false,true,Testing,false,go1.10.3,29ba932763331172432fb1326862357d0ae7293f,cockroachdb/cockroach-unstable,false
v2.1.0-beta.20180917,v2.1,2018-09-17,false,true,Testing,false,go1.10.3,7637be72fb3f62b215fe70a5b29b8e5d92575459,cockroachdb/cockroach-unstable,false
v2.1.0-beta.20180924,v2.1,2018-09-24,false,true,Testing,false,go1.10.3,fd520679420038f598c97158672fb201d81ecc13,cockroachdb/cockroach-unstable,false
v1.1.9,v1.1,2018-10-01,false,true,Production,false,go1.8.3,486632793834b3fded5cf8bc87dddf0041f2297e,cockroachdb/cockroach,false
v2.0.6,v2.0,2018-10-01,false,true,Production,false,go1.10,d30787727998a453fcae13c5a0c90f27f02a69f2,cockroachdb/cockroach,false
v2.1.0-beta.20181001,v2.1,2018-10-01,false,true,Testing,false,go1.10.3,9142d4e93d1d8ece8eac3c47cf806824a096dca6,cockroachdb/cockroach-unstable,false
v2.1.0-beta.20181008,v2.1,2018-10-08,false,true,Testing,false,go1.10.3,123b1daabbfb7da6b59441fe239e7f457b204fd6,cockroachdb/cockroach-unstable,false
v2.1.0-beta.20181015,v2.1,2018-10-15,false,true,Testing,false,go1.10.3,ad11a2508ae2b8b006b0c6c14793a20ce85e5f72,cockroachdb/cockroach-unstable,false
v2.1.0-rc.1,v2.1,2018-10-22,false,true,Testing,false,go1.10.3,670c7d3df74e0efbc633ceac8e97fada3b1063b2,cockroachdb/cockroach-unstable,false
v2.1.0-rc.2,v2.1,2018-10-25,false,true,Testing,false,go1.10.3,f0dd1dc2d2500155c8b36330ae3d6932c13c1027,cockroachdb/cockroach-unstable,false
v2.1.0,v2.1,2018-10-30,false,true,Production,false,go1.10.3,f0dd1dc2d2500155c8b36330ae3d6932c13c1027,cockroachdb/cockroach,false
v2.1.1,v2.1,2018-11-19,false,true,Production,false,go1.10.3,4523f9819d2dde9b054fc8faf1568e107f130986,cockroachdb/cockroach,false
v2.2.0-alpha.20181119,v2.2,2018-11-19,false,true,Testing,false,go1.11.6,21bdbd84fedeb1ad18c304fe3b855fda94b16308,cockroachdb/cockroach-unstable,false
v2.0.7,v2.0,2018-12-10,false,true,Production,false,go1.10,7527d65d98e2ffa6d7d4de945d234876bd0b76a9,cockroachdb/cockroach,false
v2.1.2,v2.1,2018-12-10,false,true,Production,false,go1.10.3,8d807ce49978c46ed4daa03e6dbca5b2b5acfcc1,cockroachdb/cockroach,false
v2.1.3,v2.1,2018-12-17,false,true,Production,false,go1.10.3,0c87b11cb99ba5c677c95ded55dcba385928474e,cockroachdb/cockroach,false
v2.2.0-alpha.20181217,v2.2,2018-12-17,false,true,Testing,false,go1.11.6,f524717e66973da0c11655c860d4b131f82409b9,cockroachdb/cockroach-unstable,false
v2.2.0-alpha.20190114,v2.2,2019-01-14,false,true,Testing,false,go1.11.6,5058e4a6b1a20ec208505029eddb5b5e25cb7d65,cockroachdb/cockroach-unstable,false
v2.1.4,v2.1,2019-01-22,false,true,Production,false,go1.10.3,89ce71e9b733df3855b370aa20bb809db3d4362c,cockroachdb/cockroach,false
v2.2.0-alpha.20190211,v2.2,2019-02-11,false,true,Testing,false,go1.11.6,4bdf0ad7b3190e1836e311d2b05478e8cda0bfe6,cockroachdb/cockroach-unstable,false
v2.1.5,v2.1,2019-02-19,false,true,Production,false,go1.10.3,1634c6bbf48d82ef8994386f29750c9dc3f6163a,cockroachdb/cockroach,false
v19.1.0-beta.20190225,v19.1,2019-02-25,false,true,Testing,false,go1.11.6,763e90b043b5d732856d3ecf1d7b0d6aa33e3b26,cockroachdb/cockroach-unstable,false
v19.1.0-beta.20190304,v19.1,2019-03-04,false,true,Testing,false,go1.11.6,a80cc92e4f1a5063b5b45dc3c3fffed295625323,cockroachdb/cockroach-unstable,false
v2.1.6,v2.1,2019-03-11,false,true,Production,false,go1.10.3,f53d12936efd36ea51eab6f191725d1dca2ceff3,cockroachdb/cockroach,false
v19.1.0-beta.20190318,v19.1,2019-03-18,false,true,Testing,false,go1.11.6,a512e390f7f2f2629f3f811bab5866c46e3e5713,cockroachdb/cockroach-unstable,false
v19.1.0-rc.1,v19.1,2019-04-02,false,true,Testing,false,go1.11.6,a039a93a5cc6eb3f395ceb6f7dc8030985dccc29,cockroachdb/cockroach-unstable,false
v19.1.0-rc.2,v19.1,2019-04-08,false,true,Testing,false,go1.11.6,b88a6ce86bfe507e14e1e80fdaefd219b5f0b046,cockroachdb/cockroach-unstable,false
v19.1.0-rc.3,v19.1,2019-04-15,false,true,Testing,false,go1.11.6,0c83360778c511ab79103aefd8f5e3a115990144,cockroachdb/cockroach-unstable,false
v19.1.0-rc.4,v19.1,2019-04-25,false,true,Testing,false,go1.11.6,25dd36f0139bf65b80758deeeccf35ee17ebd622,cockroachdb/cockroach-unstable,false
v19.1.0,v19.1,2019-04-30,false,true,Production,false,go1.11.6,25dd36f0139bf65b80758deeeccf35ee17ebd622,cockroachdb/cockroach,false
v2.1.7,v2.1,2019-05-14,false,true,Production,false,go1.10.3,d554884a4e474cc06213230d5ba7d757a88e9e46,cockroachdb/cockroach,false
v19.1.1,v19.1,2019-05-20,false,true,Production,false,go1.11.6,c8bda1de440cfe90cf23a433119d77795cfa0047,cockroachdb/cockroach,false
v19.2.0-alpha.20190606,v19.2,2019-06-06,false,true,Testing,false,go1.12.12,53fada85741a2a096c240b2e8a2347b523c4a463,cockroachdb/cockroach-unstable,false
v19.1.2,v19.1,2019-06-17,false,true,Production,false,go1.11.6,cbd571c7bf2ffad3514334a410fa7a728b1f5bf0,cockroachdb/cockroach,false
v19.2.0-alpha.20190701,v19.2,2019-07-01,false,true,Testing,false,go1.12.12,2c865eeb3e3b244468ffc509a62778bd1f46740f,cockroachdb/cockroach-unstable,false
v2.1.8,v2.1,2019-07-15,false,true,Production,false,go1.10.3,f284f16a1224c87e9e9a54c809e7a73a5f59506d,cockroachdb/cockroach,false
v19.1.3,v19.1,2019-07-15,false,true,Production,false,go1.11.6,1a14d34eaa22ca5765f338ab4235766f5e293be0,cockroachdb/cockroach,false
v19.2.0-alpha.20190805,v19.2,2019-08-05,false,true,Testing,false,go1.12.12,5bd37e8eb58ca66b9293c234bc572411057fec3a,cockroachdb/cockroach-unstable,false
v19.1.4,v19.1,2019-08-13,false,true,Production,false,go1.11.6,51a6fdedf0ce1d1329d40d801a7deaf8206b6b07,cockroachdb/cockroach,false
v2.1.9,v2.1,2019-09-23,false,true,Production,false,go1.10.3,42d307e191ff6787a45e058be164fa452c47f368,cockroachdb/cockroach,false
v19.1.5,v19.1,2019-09-30,false,true,Production,false,go1.11.6,6b14c0aa3ed1b4ba6d5f937e9352c5383afe1c37,cockroachdb/cockroach,false
v19.2.0-beta.20190930,v19.2,2019-09-30,false,true,Testing,false,go1.12.12,250f4c36de2b88eff443cf9be9cd5d2759312c88,cockroachdb/cockroach-unstable,false
v19.2.0-beta.20191014,v19.2,2019-10-14,false,true,Testing,false,go1.12.12,27ea46b456d6b3dabac2c0f6c5c120ed316fffce,cockroachdb/cockroach-unstable,false
v19.2.0-rc.1,v19.2,2019-10-21,false,true,Testing,false,go1.12.12,239513342a2d23f683bbc1d386f87ff59cc78d10,cockroachdb/cockroach-unstable,false
v19.2.0-rc.2,v19.2,2019-10-28,false,true,Testing,false,go1.12.12,918d925bcb7d3b42e3f201d2e0f534a9d0d26684,cockroachdb/cockroach-unstable,false
v19.2.0-rc.3,v19.2,2019-11-04,false,true,Testing,false,go1.12.12,62801ce77d9055c00b0e30010f5998ea2cd86686,cockroachdb/cockroach-unstable,false
v19.2.0-rc.4,v19.2,2019-11-07,false,true,Testing,false,go1.12.12,2535f0363b5d9b1e466ca3144fe5bcf7ff17e63c,cockroachdb/cockroach-unstable,false
v19.2.0,v19.2,2019-11-12,false,false,Production,false,go1.12.12,338deb20a6e34750635d6be5385498d5871ff68c,cockroachdb/cockroach,false
v20.1.0-alpha.20191118,v20.1,2019-11-18,false,false,Testing,false,go1.13.4,35e138aa3c2be545fb4e17a85ea6f1b8d6525e53,cockroachdb/cockroach-unstable,false
v19.2.1,v19.2,2019-11-25,false,false,Production,false,go1.12.12,53eef0857d14cc3af720e136ddaff4eeab026fd0,cockroachdb/cockroach,false
v2.1.10,v2.1,2019-12-16,false,true,Production,false,go1.10.3,9ad9eb5fb8806e4b74546910ca8bda66786d4288,cockroachdb/cockroach,false
v19.1.6,v19.1,2019-12-16,false,true,Production,false,go1.11.6,4fa6d707fb3b52693638b1438ba7dc46227684f5,cockroachdb/cockroach,false
v19.2.2,v19.2,2019-12-16,false,false,Production,false,go1.12.12,3cbd05602d4aeaebbccea18d66ad0fdf8db482a5,cockroachdb/cockroach,false
v20.1.0-alpha20191216,v20.1,2019-12-16,false,false,Testing,false,go1.13.4,e9e2a80361a25fd9f9b179f84be4c5c3d7e7d8cb,cockroachdb/cockroach-unstable,false
v19.1.7,v19.1,2020-01-27,false,true,Production,false,go1.11.6,a8444e28d3e7bf07c8ee0c6d5809e7466b57f6f9,cockroachdb/cockroach,false
v2.1.11,v2.1,2020-01-29,false,true,Production,false,go1.10.3,0f056a5fbfc2b8774f8567a97432900b13a408e6,cockroachdb/cockroach,false
v20.1.0-alpha.20200123,v20.1,2020-01-30,false,false,Testing,false,go1.13.4,d818f1ff64aaa725a8aea2d45c7df9dd4a42d4d3,cockroachdb/cockroach-unstable,false
v19.2.3,v19.2,2020-02-03,false,false,Production,false,go1.12.12,2353f82b598b216a594ed7e6fc2eca66fe9d75e7,cockroachdb/cockroach,false
v19.1.8,v19.1,2020-02-11,false,true,Production,false,go1.11.6,407017cad14dfa63f19578055082dc10f3283cc4,cockroachdb/cockroach,false
v19.2.4,v19.2,2020-02-11,false,false,Production,false,go1.12.12,eb883734bcdafd85d98eb0e49126749bc2cc1284,cockroachdb/cockroach,false
v20.1.0-beta.1,v20.1,2020-02-17,false,false,Testing,false,go1.13.4,2bd6bf44522b5d9af8adc2c1056111ae9159eeed,cockroachdb/cockroach-unstable,false
v20.1.0-beta.2,v20.1,2020-03-02,false,false,Testing,false,go1.13.4,49e2b18471a42aed8a8ad7cb658863f045ea1aac,cockroachdb/cockroach-unstable,false
v19.2.5,v19.2,2020-03-23,false,false,Production,false,go1.12.12,4f36d0c62435596ca103454e113ebe8e55f005de,cockroachdb/cockroach,false
v20.1.0-beta.3,v20.1,2020-03-25,false,false,Testing,false,go1.13.4,fcd74cd6ebdc64980b13e36b5be1736ed6938a18,cockroachdb/cockroach-unstable,false
v20.1.0-beta.4,v20.1,2020-03-30,false,false,Testing,false,go1.13.4,e5bb2683f2b6b81d3873193d672a3fa31444c15b,cockroachdb/cockroach-unstable,false
v19.2.6,v19.2,2020-04-13,false,false,Production,false,go1.12.12,ee759892738f7f203ff95ec7627b90d7c47b4350,cockroachdb/cockroach,false
v20.1.0-rc.1,v20.1,2020-04-14,false,false,Testing,false,go1.13.4,e593160235da38f0126546ea76374c796f2a194a,cockroachdb/cockroach-unstable,false
v20.1.0-rc.2,v20.1,2020-04-21,false,false,Testing,false,go1.13.4,c0f00d2a156295a1cb79ed960940c167cb03ccbc,cockroachdb/cockroach-unstable,false
v19.1.9,v19.1,2020-05-12,false,true,Production,false,go1.11.6,d556976a57c52e188157469ec9a64d8f388a79e9,cockroachdb/cockroach,false
v20.1.0,v20.1,2020-05-12,false,false,Production,false,go1.13.4,9d456b9ec82cbf9a740a092c0d9f56da48779689,cockroachdb/cockroach,false
v19.2.7,v19.2,2020-05-20,false,false,Production,false,go1.12.12,2e19ff0576ff21e243f00f2e2acdaeea57aee6f3,cockroachdb/cockroach,false
v20.1.1,v20.1,2020-05-26,false,false,Production,false,go1.13.4,6123c0c73ff0eea223cfd25e1e557648413126f8,cockroachdb/cockroach,false
v20.1.2,v20.1,2020-06-17,false,false,Production,false,go1.13.4,92670dd72acad03bd9de54a197d66ef423a90183,cockroachdb/cockroach,false
v20.2.0-alpha.1,v20.2,2020-06-17,false,false,Testing,false,go1.13.4,59b79642310c31227c8c15015a2b9c83ee38707e,cockroachdb/cockroach-unstable,false
v19.1.10,v19.1,2020-06-29,false,false,Production,false,go1.11.6,7101af9b438f1ae4a4b4557922ab73f95eef137e,cockroachdb/cockroach,false
v19.2.8,v19.2,2020-06-29,false,false,Production,false,go1.12.12,04216787bfef5c0a577d93b16c9e91fd44637ecf,cockroachdb/cockroach,false
v20.1.3,v20.1,2020-06-29,false,false,Production,false,go1.13.4,7fd454f880f386cdd0eda6b21b12f6532c14f0db,cockroachdb/cockroach,false
v19.2.9,v19.2,2020-07-06,false,false,Production,false,go1.12.12,5930d185b895e7deae41833af8fcce49babd23a1,cockroachdb/cockroach,false
v19.1.11,v19.1,2020-07-07,false,false,Production,false,go1.11.6,1a62e113d96c8db306ce4823a662dbf209b69392,cockroachdb/cockroach,false
v20.2.0-alpha.2,v20.2,2020-07-27,false,false,Testing,false,go1.13.4,d3119926d33d808c6384cf3e99a7f7435f395489,cockroachdb/cockroach-unstable,false
v20.1.4,v20.1,2020-08-03,true,false,Production,false,go1.13.4,12049d3fe3650660e1b6abf1e522d9bb016acb88,cockroachdb/cockroach,false
v19.2.10,v19.2,2020-08-24,false,false,Production,false,go1.12.12,5a1eb98cf9e0139f58b138f2743a3e0f55408b2f,cockroachdb/cockroach,false
v20.2.0-alpha.3,v20.2,2020-08-25,false,false,Testing,false,go1.13.4,2c6646c4c39fedb23f724c98a8d83970b35cee37,cockroachdb/cockroach-unstable,false
v20.1.5,v20.1,2020-08-31,true,false,Production,false,go1.13.4,f990441079c686f9eec32d80044c719175a2bee5,cockroachdb/cockroach,false
v20.2.0-beta.1,v20.2,2020-09-14,false,false,Testing,false,go1.13.4,bbdee2566c29e96f756d0703119e72103142775f,cockroachdb/cockroach-unstable,false
v20.1.6,v20.1,2020-09-24,false,false,Production,false,go1.13.4,be8c0a720e98a147263424cc13fc9bfc75f46013,cockroachdb/cockroach,false
v20.2.0-beta.2,v20.2,2020-09-25,false,false,Testing,false,go1.13.4,1c3b46c0ec551ad85b95745c424b8cc68774f41f,cockroachdb/cockroach-unstable,false
v20.2.0-beta.3,v20.2,2020-09-30,false,false,Testing,false,go1.13.4,44c559022bc5cfdda8f8a1b4bac7b6763dd090f6,cockroachdb/cockroach-unstable,false
v20.2.0-beta.4,v20.2,2020-10-06,false,false,Testing,false,go1.13.4,305ee38104e147c971fe21139082eb81614b4766,cockroachdb/cockroach-unstable,false
v19.2.11,v19.2,2020-10-12,false,false,Production,false,go1.12.12,e450c34dbf33745d889f41e1b1ea65197c1506fc,cockroachdb/cockroach,false
v20.1.7,v20.1,2020-10-12,false,false,Production,false,go1.13.4,406792b58d32dc053008cc129b409252798f509c,cockroachdb/cockroach,false
v20.2.0-rc.1,v20.2,2020-10-15,false,false,Testing,false,go1.13.4,4e07f485cb01c7eb40935a841d8367db6d02ca38,cockroachdb/cockroach-unstable,false
v20.2.0-rc.2,v20.2,2020-10-20,false,false,Testing,false,go1.13.4,9fe9b6d95e858d9f7d65d9fd661311a88d9daaf2,cockroachdb/cockroach-unstable,false
v20.1.8,v20.1,2020-10-21,false,false,Production,false,go1.13.4,ffd029f51aa134f2bce4a39ef1f3ad095c3856ad,cockroachdb/cockroach,false
v20.2.0-rc.3,v20.2,2020-10-26,false,false,Testing,false,go1.13.4,d67a35edddabcdd18954196a5e20bfd2a55a27e4,cockroachdb/cockroach-unstable,false
v20.2.0-rc.4,v20.2,2020-11-03,false,false,Testing,false,go1.13.4,150c5918fb6e28e0ea5bfa4e8e94088986fbbf98,cockroachdb/cockroach-unstable,false
v20.2.0,v20.2,2020-11-10,false,false,Production,false,go1.13.4,150c5918fb6e28e0ea5bfa4e8e94088986fbbf98,cockroachdb/cockroach,false
v20.2.1,v20.2,2020-11-20,false,false,Production,false,go1.13.4,fe9afecdaf3ffc41c6822897595e85451dad26f2,cockroachdb/cockroach,false
v20.2.2,v20.2,2020-11-25,false,false,Production,false,go1.13.4,92d94952060fd24400906dc06e392d7a7419b392,cockroachdb/cockroach,false
v20.1.9,v20.1,2020-12-01,false,false,Production,false,go1.13.4,0cb10f369aa91d4f8c83d6f123449b36f227f21e,cockroachdb/cockroach,false
v21.1.0-alpha.1,v21.1,2020-12-08,false,false,Testing,false,go1.15.5,5af065eeb4f520ee93901e75fbef5d877f06585c,cockroachdb/cockroach-unstable,false
v20.2.3,v20.2,2020-12-14,false,false,Production,false,go1.13.4,89dd2d14c29787378c434ed54937757ef5d9877c,cockroachdb/cockroach,false
v20.1.10,v20.1,2020-12-21,false,false,Production,false,go1.13.4,93e6cb11e7479182fe2f1dff766748e1e860625c,cockroachdb/cockroach,false
v19.2.12,v19.2,2021-01-19,false,false,Production,false,go1.12.12,eaae94a719759b74ed9f7bb150ee7e4bdd7c6ff1,cockroachdb/cockroach,false
v20.2.4,v20.2,2021-01-21,false,false,Production,false,go1.13.4,eda2309728392593162e962a61182eab6ab003ff,cockroachdb/cockroach,false
v20.1.11,v20.1,2021-01-25,false,false,Production,false,go1.13.4,3d762ac033268a69500675dbfa91d976c65072cc,cockroachdb/cockroach,false
v21.1.0-alpha.2,v21.1,2021-02-01,false,false,Testing,false,go1.15.5,21432ccf9a6e2c7f8da29fbedf5a7e9cc1ded5a7,cockroachdb/cockroach-unstable,false
v21.1.0-alpha.3,v21.1,2021-02-08,false,false,Testing,false,go1.15.5,0e6727832d58faf0f900601cd6fa6807e0a2ba75,cockroachdb/cockroach-unstable,false
v20.1.12,v20.1,2021-02-16,false,false,Production,false,go1.13.4,871056016d8a32ff20921b716f103e0e3abdd6e2,cockroachdb/cockroach,false
v20.2.5,v20.2,2021-02-16,false,false,Production,false,go1.13.4,162c5ac4968cf31c0ed54cd29aa8aeccd66247bb,cockroachdb/cockroach,false
v20.1.13,v20.1,2021-03-15,false,false,Production,false,go1.13.4,00ecc49a136b2b27095ca10d042d0ebafcbb42ed,cockroachdb/cockroach,false
v20.2.6,v20.2,2021-03-15,false,false,Production,false,go1.13.4,4da6dc378d563472d59166167ce760756e76f893,cockroachdb/cockroach,false
v21.1.0-beta.1,v21.1,2021-03-22,false,false,Testing,false,go1.15.5,4a47e0e305cbdabf963f896c1cb571a28b34e63d,cockroachdb/cockroach-unstable,false
v20.2.7,v20.2,2021-03-29,false,false,Production,false,go1.13.4,628fb8b88e3d088a2d5e303062ae83ae75e07bbc,cockroachdb/cockroach,false
v21.1.0-beta.2,v21.1,2021-03-30,false,false,Testing,false,go1.15.5,55b7126f5fecbf6673f0e0fbd840d75e4a6bb4cd,cockroachdb/cockroach-unstable,false
v21.1.0-beta.3,v21.1,2021-04-12,false,false,Testing,false,go1.15.5,ac051fa1830f485b89c78989182704e0e594de17,cockroachdb/cockroach-unstable,false
v20.1.14,v20.1,2021-04-19,false,false,Production,false,go1.13.4,315c250367d557ff8708ab9c10c9931c76241ca8,cockroachdb/cockroach,false
v21.1.0-beta.4,v21.1,2021-04-19,false,false,Testing,false,go1.15.5,abc4eb5acda343e64415f0267ccd94805d7f2760,cockroachdb/cockroach-unstable,false
v20.2.8,v20.2,2021-04-23,false,false,Production,false,go1.13.4,dfe5778eddb408f0ceb8152538be7c34401866e2,cockroachdb/cockroach,false
v20.1.15,v20.1,2021-04-26,false,false,Production,false,go1.13.4,e0c5f349132636d6cfb1005e798cd3d20cb5b2d0,cockroachdb/cockroach,false
v21.1.0-beta.5,v21.1,2021-04-29,false,false,Testing,false,go1.15.5,ac916850f403f083ea62e2b0dfdfecbbeaaa4d05,cockroachdb/cockroach-unstable,false
v21.1.0-rc.1,v21.1,2021-05-05,false,false,Testing,false,go1.15.5,65bd3732ae0a87be67a43ba42d8dcbdbce59f9a4,cockroachdb/cockroach-unstable,false
v20.1.16,v20.1,2021-05-10,false,false,Production,false,go1.13.4,1a0b6fa229fcece8169a20675740dcd7080e95d8,cockroachdb/cockroach,false
v20.2.9,v20.2,2021-05-10,false,false,Production,false,go1.13.4,c9d546647a7924e06dfc1b5734c0dd0bbd2eebbf,cockroachdb/cockroach,false
v21.1.0-rc.2,v21.1,2021-05-10,false,false,Testing,false,go1.15.5,f05a57facec0c2c3f623977b90506b76f94771df,cockroachdb/cockroach-unstable,false
v20.1.17,v20.1,2021-05-17,false,false,Production,false,go1.13.4,9a63e2984592098cf2b1c12e4e55bffcc499d3ec,cockroachdb/cockroach,false
v20.2.10,v20.2,2021-05-17,false,false,Production,false,go1.13.4,62196e0eefd380146617da673913e61c1764b740,cockroachdb/cockroach,false
v21.1.0,v21.1,2021-05-18,false,false,Production,false,go1.15.5,eb9e1a7c237edac6893141d6c8dc10f05a829861,cockroachdb/cockroach,false
v21.1.1,v21.1,2021-05-24,false,false,Production,false,go1.15.5,f6630b3f524f3a5e52b330220037af01369b1ff2,cockroachdb/cockroach,false
v21.1.2,v21.1,2021-06-07,false,false,Production,false,go1.15.5,d9845bd3021b4f5b816bd8bcde58b90a73f0377c,cockroachdb/cockroach,false
v20.2.11,v20.2,2021-06-14,false,false,Production,false,go1.13.4,e4c2be212d90683db6c0f8b23a2c544e99d94c76,cockroachdb/cockroach,false
v21.1.3,v21.1,2021-06-21,false,false,Production,false,go1.15.5,af2c90b391faa0e0256b96269a0e3c2e29a0ca7b,cockroachdb/cockroach,false
v20.2.12,v20.2,2021-06-28,false,false,Production,false,go1.13.4,402d4f690a9aebe10042481064415150ab3ead32,cockroachdb/cockroach,false
v21.1.4,v21.1,2021-06-29,false,false,Production,false,go1.15.5,92e342b8f0032a5771d3e50932df4c6d7d85fe41,cockroachdb/cockroach,false
v21.1.5,v21.1,2021-07-02,false,false,Production,false,go1.15.5,1fd13c93e969e3c4cf50ac2818af657e81dd9d24,cockroachdb/cockroach,false
v20.2.13,v20.2,2021-07-12,false,false,Production,false,go1.13.4,0c0957babe4191bbc46256bc6e368a7b35d970de,cockroachdb/cockroach,false
v21.1.6,v21.1,2021-07-20,false,false,Production,false,go1.15.5,03b83e02502e8876ecb366659156ab00f7431a51,cockroachdb/cockroach,false
v21.1.7,v21.1,2021-08-09,false,false,Production,false,go1.15.5,1fac61a6cd5bc3385e9378963622559e65667085,cockroachdb/cockroach,false
v20.2.14,v20.2,2021-08-16,false,false,Production,false,go1.13.4,7fbeb25bdbcbf8bba4553871897076f98954801a,cockroachdb/cockroach,false
v20.2.15,v20.2,2021-08-23,false,false,Production,false,go1.13.4,549fa66657e51b5a24ce3f17e6e3fa90a9eec4ba,cockroachdb/cockroach,false
v21.1.8,v21.1,2021-08-30,true,false,Production,false,go1.15.5,57b7968be0e1c8e6cb1523ab01df886afef2a2ea,cockroachdb/cockroach,false
v20.2.16,v20.2,2021-09-13,false,false,Production,false,go1.13.4,a16ddf245cf27844103f4e37824d0c3aab048988,cockroachdb/cockroach,false
v21.1.9,v21.1,2021-09-20,false,false,Production,false,go1.15.5,54422626bbd31fa8c3dd7bcc47154dc68ab0dab5,cockroachdb/cockroach,false
v21.2.0-beta.1,v21.2,2021-09-24,false,false,Testing,false,go1.16.6,215694e4ca58b24701d5621606aa1bfbd5783eb9,cockroachdb/cockroach-unstable,false
v21.2.0-beta.2,v21.2,2021-09-27,false,false,Testing,false,go1.16.6,ae94941c4c2b13d705665159424881f7e7b965d2,cockroachdb/cockroach-unstable,false
v21.2.0-beta.3,v21.2,2021-10-04,false,false,Testing,false,go1.16.6,218fbf554775ab2f3cc7b51e50578bd101f416c1,cockroachdb/cockroach-unstable,false
v21.1.10,v21.1,2021-10-07,false,false,Production,false,go1.15.5,a6daab16ee8a1c15abc4c4a8a425e46d12033b5c,cockroachdb/cockroach,false
v20.2.17,v20.2,2021-10-11,false,false,Production,false,go1.13.4,ca0995de060c4a7ac34f146277397f8627ca32be,cockroachdb/cockroach,false
v21.2.0-beta.4,v21.2,2021-10-11,false,false,Testing,false,go1.16.6,7e38d69aadb0c294bef8e3f3746ac5b1362a1041,cockroachdb/cockroach-unstable,false
v21.1.11,v21.1,2021-10-18,false,false,Production,false,go1.15.5,55f6c679a1b87113bea998e15f991007a13c412f,cockroachdb/cockroach,false
v21.2.0-rc.1,v21.2,2021-10-18,false,false,Testing,false,go1.16.6,a8c1096ccdcf2806a36b2f905ec72b2883712c32,cockroachdb/cockroach-unstable,false
v21.2.0-rc.2,v21.2,2021-10-25,false,false,Testing,false,go1.16.6,cb725a6acdc08257ad81273535dadad5d0a727dc,cockroachdb/cockroach-unstable,false
v21.2.0-rc.3,v21.2,2021-11-01,false,false,Testing,false,go1.16.6,79e5979416cb426092a83beff0be1c20aebf84c6,cockroachdb/cockroach-unstable,false
v20.2.18,v20.2,2021-11-08,false,false,Production,false,go1.13.4,eb0a9580f79665d9ab6ede224b3ecef4f62d2d49,cockroachdb/cockroach,false
v21.1.12,v21.1,2021-11-15,false,false,Production,false,go1.15.5,532d7b39beb287f98be3a674830bf718c709feab,cockroachdb/cockroach,false
v21.2.0,v21.2,2021-11-16,false,false,Production,false,go1.16.6,79e5979416cb426092a83beff0be1c20aebf84c6,cockroachdb/cockroach,false
v21.2.1,v21.2,2021-11-29,false,false,Production,false,go1.16.6,d14d5f5d3a47b97cae149a43c590708008d2b5d3,cockroachdb/cockroach,false
v21.2.2,v21.2,2021-12-01,false,false,Production,false,go1.16.6,af7f257bc39988e6d98d516d7fe7cb842a22ad67,cockroachdb/cockroach,false
v21.2.3,v21.2,2021-12-13,false,false,Production,false,go1.16.6,cb0222a1980b96ad59c181c96fab8340aa252571,cockroachdb/cockroach,false
v21.1.13,v21.1,2022-01-10,false,false,Production,false,go1.15.5,9e1e2235a05ab0b2a77f917ba7bce303f6b8fe4a,cockroachdb/cockroach,false
v21.2.4,v21.2,2022-01-10,false,false,Production,false,go1.16.6,0c8df44947208da2f6234d2736e8ab6d3b0937c0,cockroachdb/cockroach,false
v22.1.0-alpha.1,v22.1,2022-01-24,false,false,Testing,false,go1.17,fdd672fed84323279f7070127f36cdbdc5c26b03,cockroachdb/cockroach-unstable,false
v21.2.5,v21.2,2022-02-07,false,false,Production,false,go1.17,5afb632f77eee9f09f2adfa2943e1979ec4ebedf,cockroachdb/cockroach,false
v21.1.14,v21.1,2022-02-09,false,false,Production,false,go1.15.5,d471ca8faec349f11b355d02cb7306f17d192084,cockroachdb/cockroach,false
v20.2.19,v20.2,2022-02-09,false,false,Production,false,go1.13.4,09707aabb12e50f6e7345b5c9664c0745bb7d742,cockroachdb/cockroach,false
v21.1.15,v21.1,2022-02-14,false,false,Production,false,go1.15.5,0600d961d4c22cbd3470fd26cd9de63d5492f15c,cockroachdb/cockroach,false
v21.2.6,v21.2,2022-02-22,false,False,Production,False,go1.16,c7cfac57476f06e3154b2fc38e77982a8bbc64c2,cockroachdb/cockroach,false
v21.1.16,v21.1,2022-03-07,false,False,Production,False,go1.15,9937543b711fb2190ae5814d28bcd80f8c79290c,cockroachdb/cockroach,false
v22.1.0-alpha.2,v22.1,2022-03-07,false,False,Testing,False,go1.17,aeb1e28d4aff2c8cc3d21b950a26f42edf249a14,cockroachdb/cockroach-unstable,false
v22.1.0-alpha.3,v22.1,2022-03-14,false,False,Testing,False,go1.17,c6a5a395cbecbbd5ba77c2c14e3bf68eb59eeb19,cockroachdb/cockroach-unstable,false
v21.2.7,v21.2,2022-03-14,false,False,Production,False,go1.16,37dee546a7c52870a8dc58826f0cffe2afa8d47a,cockroachdb/cockroach,false
v22.1.0-alpha.4,v22.1,2022-03-21,false,False,Testing,False,go1.17,962cd2d26fb6b19d400f60e287ac2499f96c5408,cockroachdb/cockroach-unstable,false
v22.1.0-alpha.5,v22.1,2022-03-28,false,False,Testing,False,go1.17,26c05e15d3752f47a91592b5b870360c30c57dd5,cockroachdb/cockroach-unstable,false
v21.1.17,v21.1,2022-04-04,false,False,Production,False,go1.15,c81fcefa69d03ffe7bd9e0d3f1293717bcc98cd4,cockroachdb/cockroach,false
v22.1.0-beta.1,v22.1,2022-04-04,false,False,Testing,False,go1.17,a88367d7bd168a3614b7946cd7b77bb9c6374a30,cockroachdb/cockroach-unstable,false
v21.2.8,v21.2,2022-04-04,false,False,Production,False,go1.16,cad00009ffee952065c51687da6b1f71e44a7032,cockroachdb/cockroach,false
v22.1.0-beta.2,v22.1,2022-04-12,false,False,Testing,False,go1.17,5d1063406d48c2713e0a7a8421f1946349b3db65,cockroachdb/cockroach-unstable,false
v21.1.18,v21.1,2022-04-12,false,False,Production,False,go1.15,53cb1ed8f2f42376ad76d4888d582c88685b2820,cockroachdb/cockroach,false
v21.2.9,v21.2,2022-04-13,false,False,Production,False,go1.16,eafda969629a6c883d645ffbcbbcb94a91adcb40,cockroachdb/cockroach,false
v22.1.0-beta.3,v22.1,2022-04-18,false,False,Testing,False,go1.17,0509bc6c07ceed6d77d8cd088cb79d4a0e8f38ed,cockroachdb/cockroach-unstable,true
v22.1.0-beta.4,v22.1,2022-04-26,false,False,Testing,False,go1.17,b89ce4cb855227c93e1fff6e7367e870fc9f2fef,cockroachdb/cockroach-unstable,true
v21.2.10,v21.2,2022-05-02,false,False,Production,False,go1.16,39511c6a4d0bbb580b7ff6f5c0e1e77664474efb,cockroachdb/cockroach,false
v22.1.0-beta.5,v22.1,2022-05-03,false,False,Testing,False,go1.17,24ba4d7211aa9fb9cea18f856c693bc8f592c8f6,cockroachdb/cockroach-unstable,true
v22.1.0-rc.1,v22.1,2022-05-09,false,False,Testing,False,go1.17,5b78463ed2e7106a8477b63fa837564ad02bb510,cockroachdb/cockroach-unstable,true
v21.1.19,v21.1,2022-05-09,false,False,Production,False,go1.15,bf2bef135b5be9c73ccc445f2d996781ee59e94f,cockroachdb/cockroach,false
v21.2.11,v21.2,2022-05-23,false,False,Production,False,go1.16,b05bab30da2ff789dc232da4fac771c01a72a87f,cockroachdb/cockroach,false
v22.1.0,v22.1,2022-05-24,false,False,Production,False,go1.17,5b78463ed2e7106a8477b63fa837564ad02bb510,cockroachdb/cockroach,true
v22.1.1,v22.1,2022-06-06,false,False,Production,False,go1.17,242d13b1191e31a25a36ed9cd7abc5f5b24cb510,cockroachdb/cockroach,true
v21.2.12,v21.2,2022-06-06,false,False,Production,False,go1.16,4f97a101e6c1ba12f1ff133d69beee4333b7216e,cockroachdb/cockroach,false
v22.1.2,v22.1,2022-06-22,false,False,Production,False,go1.17,fc456a26830067b6dfbb8cd87e093a28d9b833d1,cockroachdb/cockroach,true
v21.2.13,v21.2,2022-07-05,false,False,Production,False,go1.16,a3c796b1a49394d161ccc50fe4c05766d4d5b626,cockroachdb/cockroach,false
v22.1.3,v22.1,2022-07-11,false,False,Production,False,go1.17,2ca74540cc1603ff810b43399846bb5b7caba651,cockroachdb/cockroach,true
v22.1.4,v22.1,2022-07-19,false,False,Production,False,go1.17,3c6c8933f578a7fd140e24a603d6ec64c6b7a834,cockroachdb/cockroach,true
v22.1.5,v22.1,2022-07-28,false,False,Production,False,go1.17,a30a663cbd9323d34d50f343dd038af64671e25f,cockroachdb/cockroach,true
